analysis_level,team,match_id,event_type,p_value,test_statistic,before_n,after_n,avg_before,avg_after,faster_after,cliffs_delta,ci_lower,ci_upper,effect_size,significant_uncorrected,bh_corrected_p,significant_after_bh,correction_scope,correction_method
team,France,all_matches,all_goals,0.012266588673271918,360.0,35,32,50.22814285714286,113.45596875,False,-0.35714285714285715,-0.6063392857142856,-0.09549107142857147,Medium,True,0.06133294336635958,False,Within France Team,"Benjamini-Hochberg (Team-level, α=0.05)"
team,France,all_matches,substitutions,0.06917976815215583,3926.0,66,102,77.89427272727272,55.47314705882354,True,0.16636957813428402,-0.017275698158051096,0.33973187759952467,Small,False,0.17294942038038957,False,Within France Team,"Benjamini-Hochberg (Team-level, α=0.05)"
team,France,all_matches,tactical_shifts,0.19934538629826504,617.0,23,45,70.20800000000001,39.98844444444444,True,0.19227053140096617,-0.12077294685990338,0.46475845410628014,Small,False,0.3322423104971084,False,Within France Team,"Benjamini-Hochberg (Team-level, α=0.05)"
team,France,all_matches,injuries,0.6933119007438466,577.5,49,25,88.83597959183673,74.363,True,-0.05714285714285714,-0.3364489795918367,0.23920408163265305,Negligible,False,0.6933119007438466,False,Within France Team,"Benjamini-Hochberg (Team-level, α=0.05)"
team,France,all_matches,yellow_cards,0.6268094423324468,612.5,44,26,64.56045454545455,69.79903846153846,False,0.07080419580419581,-0.2290646853146853,0.3584134615384615,Negligible,False,0.6933119007438466,False,Within France Team,"Benjamini-Hochberg (Team-level, α=0.05)"
