analysis_level,team,match_id,opposing_team,event_type,p_value,test_statistic,before_n,after_n,avg_before,avg_after,faster_after,cliffs_delta,ci_lower,ci_upper,effect_size,significant_uncorrected,bh_corrected_p,significant_after_bh,correction_scope,correction_method
match,Argentina,3869685,France,all_goals,0.2828953229141189,28.5,6,14,27.9375,118.4042857142857,False,-0.32142857142857145,-0.7380952380952381,0.20267857142857115,Small,False,0.666594501157594,False,Within Match 3869685,"Benjamini-Hochberg (Match-level, α=0.05)"
match,Argentina,3869685,France,substitutions,0.666594501157594,410.5,32,24,67.04431249999999,60.72208333333333,True,0.06901041666666667,-0.23440755208333333,0.3997721354166666,Negligible,False,0.666594501157594,False,Within Match 3869685,"Benjamini-Hochberg (Match-level, α=0.05)"
match,Argentina,3869685,France,tactical_shifts,0.471069106969663,122.0,15,14,74.85013333333333,56.13671428571428,True,0.1619047619047619,-0.24785714285714286,0.5477380952380951,Small,False,0.666594501157594,False,Within Match 3869685,"Benjamini-Hochberg (Match-level, α=0.05)"
match,Argentina,3869685,France,injuries,0.5880721703873876,105.5,17,11,146.36741176470588,83.63209090909092,True,0.12834224598930483,-0.3155080213903743,0.5401069518716578,Negligible,False,0.666594501157594,False,Within Match 3869685,"Benjamini-Hochberg (Match-level, α=0.05)"
match,Argentina,3869685,France,yellow_cards,0.126869349311055,28.0,6,6,137.70383333333334,43.63183333333333,True,0.5555555555555556,-0.1111111111111111,1.0,Large,False,0.634346746555275,False,Within Match 3869685,"Benjamini-Hochberg (Match-level, α=0.05)"
