Event Type,Sample Size,Shapiro-Wilk Statistic,p-value,Normal Distribution
All Goals,12,0.7933,0.007859933680785391,No
Substitutions,28,0.7705,0.000033598722002378,No
Tactical Shifts,8,0.8798,0.187552332162582491,Yes
Injuries,8,0.8426,0.080132056317107028,Yes
Yellow Cards,8,0.8109,0.037435028996462956,No
